index,date,holiday_name
41,2016-01-01,New Year Day
42,2016-01-18,Martin Luther King Jr. Day
43,2016-02-15,Presidents Day (Washingtons Birthday)
44,2016-05-30,Memorial Day
45,2016-07-04,Independence Day
46,2016-09-05,Labor Day
47,2016-10-10,Columbus Day
48,2016-11-11,Veterans Day
49,2016-11-24,Thanksgiving Day
50,2016-12-25,Christmas Day
51,2017-01-02,New Year Day
52,2017-01-16,Martin Luther King Jr. Day
53,2017-02-20,Presidents Day (Washingtons Birthday)
54,2017-05-29,Memorial Day
55,2017-07-04,Independence Day
56,2017-09-04,Labor Day
57,2017-10-09,Columbus Day
58,2017-11-10,Veterans Day
59,2017-11-23,Thanksgiving Day
60,2017-12-25,Christmas Day
